code,name,gu,dong,status,successor_code,successor_name,successor_gu,successor_dong,planned_name,evidence
A13006001,제기경동미주,동대문구,제기동,rebuilding,,,,,제기동역아이파크 (2028년 9월 입주 예정),카카오에 그 자리 새 단지 '제기동역아이파크아파트(2028년09월예정)' 등록 · 이전 판정 normal
A13704901,반포본동아파트,서초구,반포동,rebuilding,,,,,,건축물대장에만 남은 건물(현행 도로명주소 건물 없음·철거 추정) · 동 매칭 실패 · 현장 아파트 없음 · 2025년 이후 거래 0건 · 1973년 사용승인
A13785004,방배삼익,서초구,방배동,rebuilding,,,,,,"건축물대장에만 남은 건물(현행 도로명주소 건물 없음·철거 추정) · 동 매칭 실패 · 현장 아파트 ['방배아트자이', '임광아파트', '방배 어울림'] · 2025년 이후 거래 0건 · 1981년 사용승인"
A13784907,방배신동아,서초구,방배동,rebuilding,,,,,오티에르방배,카카오에 마스터 주소와 같은 곳 '오티에르방배아파트 (예정)' 등록(재건축·조합 신호) · 이전 판정 normal
A13779431,신반포22,서초구,잠원동,rebuilding,,,,,,"건축물대장에만 남은 건물(현행 도로명주소 건물 없음·철거 추정) · 동 매칭 실패 · 현장 아파트 ['신반포아파트', '반포한신타워아파트', '신반포자이'] · 2025년 이후 거래 573건 · 1983년 사용승인"
A10024172,문정현대아파트,송파구,문정동,rebuilding,,,,,,카카오에 마스터 주소와 같은 곳 '문정연합주택조합' 등록(재건축·조합 신호) · 이전 판정 normal
A15080604,당산유원제일1차,영등포구,당산동4가,rebuilding,,,,,,"건축물대장에만 남은 건물(현행 도로명주소 건물 없음·철거 추정) · 동 매칭 실패 · 현장 아파트 ['당산현대아파트', '양평동 6차 현대아파트', '삼익플라주아파트'] · 2025년 이후 거래 0건 · 1983년 사용승인"
A15009501,문래진주,영등포구,문래동5가,rebuilding,,,,,,"건축물대장에만 남은 건물(현행 도로명주소 건물 없음·철거 추정) · 동 매칭 실패 · 현장 아파트 ['문래 롯데캐슬', '대원아파트', '문래동모아미래도아파트'] · 2025년 이후 거래 0건 · 1984년 사용승인"
A15085805,신길남서울,영등포구,신길동,rebuilding,,,,,써밋클라비온 (2030년 1월 입주 예정),카카오에 그 자리 새 단지 '써밋클라비온아파트(2030년01월예정)' 등록 · 이전 판정 normal
A14003103,이촌현대,용산구,이촌동,rebuilding,,,,,이촌르엘 (2027년 3월 입주 예정),카카오에 그 자리 새 단지 '이촌르엘아파트(2027년03월예정)' 등록 · 이전 판정 normal
A13580601,개포우성9차,강남구,개포동,rebuilt,A10023996,개포더샵트리에,강남구,개포동,,같은 주소 서울특별시 강남구 개포로 311 · 1991년 단지와 2021년 단지
A13524011,개포주공1단지,강남구,개포동,rebuilt,A10022859,디에이치퍼스티어아이파크,강남구,개포동,,같은 주소 서울특별시 강남구 개포로 310 · 1982년 단지와 2023년 단지
A13580003,개포주공4단지,강남구,개포동,rebuilt,A10023348,개포자이프레지던스,강남구,개포동,,"건축물대장에만 남은 건물(현행 도로명주소 건물 없음·철거 추정) · 동 매칭 실패 · 현장 아파트 ['개포자이 프레지던스', '상록 스타힐스', '개포주공아파트607동'] · 2025년 이후 거래 0건 · 1982년 사용승인 · 후속 판정 위치"
A13550802,삼성 상아2차아파트,강남구,삼성동,rebuilt,A10024131,래미안 라클래시,강남구,삼성동,,"건축물대장에만 남은 건물(현행 도로명주소 건물 없음·철거 추정) · 동 매칭 실패 · 현장 아파트 ['삼성동 힐스테이트', '래미안 라클래시', '우리들병원'] · 2025년 이후 거래 0건 · 1981년 사용승인 · 후속 판정 위치"
A13586602,삼성홍실,강남구,삼성동,rebuilt,A10020826,아크로삼성,강남구,삼성동,,같은 주소 서울특별시 강남구 영동대로128길 15 · 1981년 단지와 2025년 단지
A13591903,역삼개나리,강남구,역삼동,rebuilt,A10023825,강남센트럴아이파크,강남구,역삼동,,"건축물대장에만 남은 건물(현행 도로명주소 건물 없음·철거 추정) · 동 매칭 실패 · 현장 아파트 [""역삼 I'PARK"", '강남센트럴아이파크', '테헤란아이파크'] · 2025년 이후 거래 0건 · 1979년 사용승인 · 후속 판정 위치"
A13510104,청담삼익,강남구,청담동,rebuilt,A10020363,청담르엘,강남구,청담동,,"건축물대장에만 남은 건물(현행 도로명주소 건물 없음·철거 추정) · 동 매칭 실패 · 현장 아파트 ['청담자이아파트', '청담동 삼강빌딩', '신동아 아파트'] · 2025년 이후 거래 0건 · 1980년 사용승인 · 후속 판정 위치"
A13483604,고덕주공6단지,강동구,상일동,rebuilt,A10024473,고덕자이 아파트,강동구,상일동,,"옛 K-apt 좌표가 고덕자이 건물 위(3m), 같은 상일동. 건축물대장 옛 윤곽은 같은 날 승인된 주공2·7단지가 섞여 판정 불가"
A13480906,길동신동아,강동구,길동,rebuilt,A10022525,강동헤리티지자이,강동구,길동,,같은 주소 서울특별시 강동구 천중로 264 · 1983년 단지와 2024년 단지
A13406206,둔촌현대1차,강동구,둔촌동,rebuilt,A10021705,더샵둔촌포레,강동구,둔촌동,,같은 주소 서울특별시 강동구 동남로49길 57 · 1984년 단지와 2024년 단지
A13980016,태릉현대,노원구,공릉동,rebuilt,A10023991,태릉해링턴플레이스,노원구,공릉동,,"동 매칭 실패 · 현장 아파트 ['태릉해링턴플레이스', '태강아파트', '삼익 포레스트 아파트'] · 2025년 이후 거래 0건 · 1984년 사용승인 · 후속 판정 위치"
A13780006,반포경남,서초구,반포동,rebuilt,A10023043,래미안원베일리,서초구,반포동,,"건축물대장에만 남은 건물(현행 도로명주소 건물 없음·철거 추정) · 동 매칭 실패 · 현장 아파트 ['반포센트럴자이', '반포쇼핑타운', '잠원위브아파트'] · 2025년 이후 거래 0건 · 1978년 사용승인 · 후속 판정 위치"
A13780001,신반포15차아파트,서초구,반포동,rebuilt,A10022556,래미안 원펜타스,서초구,반포동,,"건축물대장에만 남은 건물(현행 도로명주소 건물 없음·철거 추정) · 동 매칭 실패 · 현장 아파트 ['래미안 퍼스티지', '아크로리버파크', '반포푸르지오아파트'] · 2025년 이후 거래 0건 · 1982년 사용승인 · 후속 판정 위치"
A13790723,신반포5차,서초구,잠원동,rebuilt,A10026227,아크로리버뷰 신반포,서초구,잠원동,,"건축물대장에만 남은 건물(현행 도로명주소 건물 없음·철거 추정) · 동 매칭 실패 · 현장 아파트 ['신반포아파트', '아크로리버뷰신반포', '신반포청구아파트'] · 2025년 이후 거래 0건 · 1980년 사용승인 · 후속 판정 위치"
A13790708,잠원녹원한신,서초구,잠원동,rebuilt,A10020557,메이플자이,서초구,잠원동,,"건축물대장에만 남은 건물(현행 도로명주소 건물 없음·철거 추정) · 동 매칭 실패 · 현장 아파트 ['신반포아파트', '현대실크빌라트'] · 2025년 이후 거래 0건 · 1995년 사용승인 · 후속 판정 위치"
A13790730,"잠원한신4지구(8차~11차,17차)",서초구,잠원동,rebuilt,A10020557,메이플자이,서초구,잠원동,,건축물대장에만 남은 건물(현행 도로명주소 건물 없음·철거 추정) · 동 매칭 실패 · 현장 아파트 ['신반포아파트'] · 2025년 이후 거래 134건 · 1981년 사용승인 · 후속 판정 위치
A13817202,송파성지,송파구,송파동,rebuilt,A10020796,잠실더샵루벤,송파구,송파동,,같은 주소 서울특별시 송파구 송이로12길 11 · 1992년 단지와 2025년 단지
A13813007,오금아남,송파구,오금동,rebuilt,A10022649,송파더플래티넘,송파구,오금동,,"동 매칭 실패 · 현장 아파트 ['송파 더 플래티넘', '오금동 인투파크'] · 2025년 이후 거래 0건 · 1992년 사용승인 · 후속 판정 위치"
A15004504,당산상아,영등포구,당산동5가,rebuilt,A10024789,당산센트럴아이파크,영등포구,당산동5가,,"동 매칭 실패 · 현장 아파트 ['당산 삼성 래미안', '영등포삼환아파트', '당산 롯데캐슬 프레스티지'] · 2025년 이후 거래 0건 · 1983년 사용승인 · 후속 판정 위치"
A13487103,천호코오롱,강동구,천호동,rebuilt,A10020336,더샵강동센트럴시티,강동구,천호동,,K-apt 좌표(진황도로 12 옆)가 더샵강동센트럴시티(진황도로 14) 41m · 옛 주소 지오코딩 불가 · 2025년 이후 거래 0건 · 1988년 사용승인 · v5는 성내동 코오롱1차를 잘못 매칭(2026-10-10 보류 재조사)
A13921003,상계주공8단지,노원구,상계동,rebuilt,A10024547,포레나노원 아파트,노원구,상계동,,실거래 매핑이 같은 도로명주소(노원로38길 10)의 포레나노원 거래 · K-apt 좌표가 포레나노원 장소 14m · 1988년 사용승인(2026-10-10 보류 재조사)
A13790905,신반포한신14차,서초구,잠원동,rebuilt,A10023462,반포르엘2차,서초구,잠원동,,K-apt 좌표가 반포르엘2차 건물 위(2m) · 건축물대장의 1983-12-27 건물(217동)이 반포르엘2차 자리에만 남음 · 2025년 이후 거래 0건(2026-10-10 보류 재조사)
A13780002,신반포한신23차,서초구,반포동,rebuilt,A10023462,반포르엘2차,서초구,잠원동,,"14차와 같은 사용승인일(1983-12-27)·1동 · 주소 없음 · 2025년 이후 거래 0건 · 대장의 같은 날짜 건물이 반포르엘2차 자리에만 남음(추정, 2026-10-10 보류 재조사)"
A13775101,신동아아파트,서초구,서초동,rebuilding,,,,,아크로서초 (2029년 2월 입주 예정),카카오에 그 자리 새 단지 '아크로서초아파트(2029년02월예정)'(서초동 1333) 등록 · K-apt 좌표 35m 옆 아크로서초 202동 · 2025년 이후 거래 0건(2026-10-10 보류 재조사)
B12204002,북한산래미안임대,은평구,불광동,merged,A12204005,북한산래미안아파트(임대),은평구,불광동,,같은 135세대·1동·2010-08-30·좌표 6m 차이 · 주소 없는 중복 행(2026-10-10)
A14380202,광장일신워커힐,광진구,광장동,merged,A14375302,워커힐푸르지오,광진구,광장동,,같은 200세대·2동·좌표 46m · 주소·사용승인일 없는 행 · 실거래도 워커힐푸르지오로 매핑(2026-10-10)
B11680022,거평프리젠,강남구,논현동,merged,A13501008,거평,강남구,논현동,,같은 113세대·좌표 8m · 주소·동수 없는 행 · 실거래(거평프리젠)는 거평 주소로 매핑(2026-10-10)
