name,gu,dong,common_name,source
개포7차우성,강남구,일원동,일원동우성7차,카카오·브이월드 건물명·건축물대장 중 2개 이상 일치 또는 카카오 장소 도로명주소=마스터 주소
고덕현대,강동구,고덕동,배재현대,카카오·브이월드 건물명·건축물대장 중 2개 이상 일치 또는 카카오 장소 도로명주소=마스터 주소
고척우성현대,구로구,고척동,현대우성,카카오·브이월드 건물명·건축물대장 중 2개 이상 일치 또는 카카오 장소 도로명주소=마스터 주소
공덕2삼성임대,마포구,공덕동,공덕삼성래미안2차,카카오·브이월드 건물명·건축물대장 중 2개 이상 일치 또는 카카오 장소 도로명주소=마스터 주소
공덕삼성래미안3차,마포구,공덕동,래미안공덕3차,카카오·브이월드 건물명·건축물대장 중 2개 이상 일치 또는 카카오 장소 도로명주소=마스터 주소
공릉한보아파트,노원구,공릉동,한보에센시티,카카오·브이월드 건물명·건축물대장 중 2개 이상 일치 또는 카카오 장소 도로명주소=마스터 주소
구로성호주상복합,구로구,구로동,성호메이플,카카오·브이월드 건물명·건축물대장 중 2개 이상 일치 또는 카카오 장소 도로명주소=마스터 주소
길음SHVILLE,성북구,길음동,길음뉴타운5단지래미안,카카오·브이월드 건물명·건축물대장 중 2개 이상 일치 또는 카카오 장소 도로명주소=마스터 주소
길음뉴타운7단지,성북구,길음동,길음7구역두산위브,카카오·브이월드 건물명·건축물대장 중 2개 이상 일치 또는 카카오 장소 도로명주소=마스터 주소
길음뉴타운7단지제2,성북구,길음동,길음7구역두산위브,카카오·브이월드 건물명·건축물대장 중 2개 이상 일치 또는 카카오 장소 도로명주소=마스터 주소
길음삼부,성북구,길음동,돈암삼부,카카오·브이월드 건물명·건축물대장 중 2개 이상 일치 또는 카카오 장소 도로명주소=마스터 주소
답십리래미안임대,동대문구,답십리동,래미안엘파인아파트,카카오·브이월드 건물명·건축물대장 중 2개 이상 일치 또는 카카오 장소 도로명주소=마스터 주소
대림아파트201동,동대문구,이문동,이문e편한세상아파트,카카오·브이월드 건물명·건축물대장 중 2개 이상 일치 또는 카카오 장소 도로명주소=마스터 주소
대치미도맨션,강남구,대치동,"한보미도맨션1,2차",카카오·브이월드 건물명·건축물대장 중 2개 이상 일치 또는 카카오 장소 도로명주소=마스터 주소
동소문한진임대,성북구,돈암동,한신한진,카카오·브이월드 건물명·건축물대장 중 2개 이상 일치 또는 카카오 장소 도로명주소=마스터 주소
동아효성아파트(거여2단지),송파구,거여동,거여2단지효성동아,카카오·브이월드 건물명·건축물대장 중 2개 이상 일치 또는 카카오 장소 도로명주소=마스터 주소
등촌서광,강서구,등촌동,서광등촌마을,카카오·브이월드 건물명·건축물대장 중 2개 이상 일치 또는 카카오 장소 도로명주소=마스터 주소
등촌임광,강서구,등촌동,그린임광,카카오·브이월드 건물명·건축물대장 중 2개 이상 일치 또는 카카오 장소 도로명주소=마스터 주소
래미안길음2차아파트,성북구,길음동,길음뉴타운5단지래미안,카카오·브이월드 건물명·건축물대장 중 2개 이상 일치 또는 카카오 장소 도로명주소=마스터 주소
래미안용두1차,동대문구,용두동,래미안허브리츠아파트,카카오·브이월드 건물명·건축물대장 중 2개 이상 일치 또는 카카오 장소 도로명주소=마스터 주소
래미안장안,동대문구,장안동,장안래미안1차,카카오·브이월드 건물명·건축물대장 중 2개 이상 일치 또는 카카오 장소 도로명주소=마스터 주소
마포태영아파트,마포구,대흥동,대흥동태영,카카오·브이월드 건물명·건축물대장 중 2개 이상 일치 또는 카카오 장소 도로명주소=마스터 주소
마포태영제2,마포구,대흥동,대흥동태영,카카오·브이월드 건물명·건축물대장 중 2개 이상 일치 또는 카카오 장소 도로명주소=마스터 주소
마포펜트라우스,마포구,신공덕동,공덕푸르지오펜트라우스,카카오·브이월드 건물명·건축물대장 중 2개 이상 일치 또는 카카오 장소 도로명주소=마스터 주소
명륜아남1차,종로구,명륜2가,창경궁뜰아남,카카오·브이월드 건물명·건축물대장 중 2개 이상 일치 또는 카카오 장소 도로명주소=마스터 주소
"명일삼익가든1,2차",강동구,명일동,삼익맨션,카카오·브이월드 건물명·건축물대장 중 2개 이상 일치 또는 카카오 장소 도로명주소=마스터 주소
문래국화,영등포구,문래동3가,국화맨션,카카오·브이월드 건물명·건축물대장 중 2개 이상 일치 또는 카카오 장소 도로명주소=마스터 주소
문래남성,영등포구,문래동2가,남성맨션,카카오·브이월드 건물명·건축물대장 중 2개 이상 일치 또는 카카오 장소 도로명주소=마스터 주소
미아벽산임대,강북구,미아동,벽산라이브파크,카카오·브이월드 건물명·건축물대장 중 2개 이상 일치 또는 카카오 장소 도로명주소=마스터 주소
방학거성학마을,도봉구,방학동,학마을거성,카카오·브이월드 건물명·건축물대장 중 2개 이상 일치 또는 카카오 장소 도로명주소=마스터 주소
방학명품ESA1단지,도봉구,방학동,이에스에이,카카오·브이월드 건물명·건축물대장 중 2개 이상 일치 또는 카카오 장소 도로명주소=마스터 주소
방학명품ESA2단지,도봉구,방학동,이에스에이,카카오·브이월드 건물명·건축물대장 중 2개 이상 일치 또는 카카오 장소 도로명주소=마스터 주소
방화2-2 그린,강서구,방화동,방화2단지도시개발공사,카카오·브이월드 건물명·건축물대장 중 2개 이상 일치 또는 카카오 장소 도로명주소=마스터 주소
봉천우성제2,관악구,봉천동,관악우성아파트,카카오·브이월드 건물명·건축물대장 중 2개 이상 일치 또는 카카오 장소 도로명주소=마스터 주소
불광대호2차,은평구,불광동,대호프라자,카카오·브이월드 건물명·건축물대장 중 2개 이상 일치 또는 카카오 장소 도로명주소=마스터 주소
산천리버힐제2,용산구,산천동,리버힐삼성아파트,카카오·브이월드 건물명·건축물대장 중 2개 이상 일치 또는 카카오 장소 도로명주소=마스터 주소
상계대동아파트,노원구,상계동,대동청솔,카카오·브이월드 건물명·건축물대장 중 2개 이상 일치 또는 카카오 장소 도로명주소=마스터 주소
상계동양메이저,노원구,상계동,동양엔파트,카카오·브이월드 건물명·건축물대장 중 2개 이상 일치 또는 카카오 장소 도로명주소=마스터 주소
상도쌍용,동작구,상도동,쌍용스윗닷홈,카카오·브이월드 건물명·건축물대장 중 2개 이상 일치 또는 카카오 장소 도로명주소=마스터 주소
상봉프레미어스엠코,중랑구,상봉동,힐스테이트상봉센트럴,카카오·브이월드 건물명·건축물대장 중 2개 이상 일치 또는 카카오 장소 도로명주소=마스터 주소
서울도봉,도봉구,도봉동,도봉주공1단지,카카오·브이월드 건물명·건축물대장 중 2개 이상 일치 또는 카카오 장소 도로명주소=마스터 주소
서울우면,서초구,우면동,우면주공영구임대,카카오·브이월드 건물명·건축물대장 중 2개 이상 일치 또는 카카오 장소 도로명주소=마스터 주소
서초한신플러스타운,서초구,서초동,서초동한신,카카오·브이월드 건물명·건축물대장 중 2개 이상 일치 또는 카카오 장소 도로명주소=마스터 주소
송파미성,송파구,송파동,미성맨션,카카오·브이월드 건물명·건축물대장 중 2개 이상 일치 또는 카카오 장소 도로명주소=마스터 주소
"신반포 한신 25,26,27차 아파트",서초구,잠원동,신반포25차,카카오·브이월드 건물명·건축물대장 중 2개 이상 일치 또는 카카오 장소 도로명주소=마스터 주소
신반포한신5지구(12차),서초구,잠원동,신반포12차,카카오·브이월드 건물명·건축물대장 중 2개 이상 일치 또는 카카오 장소 도로명주소=마스터 주소
신사삼성래미안아파트,강남구,신사동,래미안신사,카카오·브이월드 건물명·건축물대장 중 2개 이상 일치 또는 카카오 장소 도로명주소=마스터 주소
신정삼성SH임대,양천구,신정동,목동삼성아파트,카카오·브이월드 건물명·건축물대장 중 2개 이상 일치 또는 카카오 장소 도로명주소=마스터 주소
쌍문삼익,도봉구,쌍문동,삼익세라믹,카카오·브이월드 건물명·건축물대장 중 2개 이상 일치 또는 카카오 장소 도로명주소=마스터 주소
압구정한양3단지,강남구,압구정동,한양5차,카카오·브이월드 건물명·건축물대장 중 2개 이상 일치 또는 카카오 장소 도로명주소=마스터 주소
압구정한양아파트제1단지,강남구,압구정동,영동한양,카카오·브이월드 건물명·건축물대장 중 2개 이상 일치 또는 카카오 장소 도로명주소=마스터 주소
양평경남1차,영등포구,양평동3가,경남아너스빌1차,카카오·브이월드 건물명·건축물대장 중 2개 이상 일치 또는 카카오 장소 도로명주소=마스터 주소
어울림더리버아파트,성동구,옥수동,옥수어울림,카카오·브이월드 건물명·건축물대장 중 2개 이상 일치 또는 카카오 장소 도로명주소=마스터 주소
역삼삼익,강남구,도곡동,도곡삼익,카카오·브이월드 건물명·건축물대장 중 2개 이상 일치 또는 카카오 장소 도로명주소=마스터 주소
이문1차푸르지오,동대문구,이문동,이문대우,카카오·브이월드 건물명·건축물대장 중 2개 이상 일치 또는 카카오 장소 도로명주소=마스터 주소
종암sh빌아파트,성북구,종암동,종암2차아이파크,카카오·브이월드 건물명·건축물대장 중 2개 이상 일치 또는 카카오 장소 도로명주소=마스터 주소
중림삼성래미안아파트,중구,중림동,중림동삼성사이버빌리지아파트,카카오·브이월드 건물명·건축물대장 중 2개 이상 일치 또는 카카오 장소 도로명주소=마스터 주소
창동아이파크(창동2.3차현대),도봉구,창동,창동현대2차,카카오·브이월드 건물명·건축물대장 중 2개 이상 일치 또는 카카오 장소 도로명주소=마스터 주소
천호현대타워,강동구,천호동,현대코아,카카오·브이월드 건물명·건축물대장 중 2개 이상 일치 또는 카카오 장소 도로명주소=마스터 주소
청담대림,강남구,청담동,청담1차e편한세상,카카오·브이월드 건물명·건축물대장 중 2개 이상 일치 또는 카카오 장소 도로명주소=마스터 주소
청담래미안,강남구,청담동,삼성청담,카카오·브이월드 건물명·건축물대장 중 2개 이상 일치 또는 카카오 장소 도로명주소=마스터 주소
청신호 행복주택 정릉하늘마루,성북구,정릉동,정릉하늘마루청신호,카카오·브이월드 건물명·건축물대장 중 2개 이상 일치 또는 카카오 장소 도로명주소=마스터 주소
평창롯데,종로구,평창동,롯데낙천대,카카오·브이월드 건물명·건축물대장 중 2개 이상 일치 또는 카카오 장소 도로명주소=마스터 주소
풍납미성,송파구,풍납동,미성맨션,카카오·브이월드 건물명·건축물대장 중 2개 이상 일치 또는 카카오 장소 도로명주소=마스터 주소
행당한신임대,성동구,행당동,서울숲한신더휴,카카오·브이월드 건물명·건축물대장 중 2개 이상 일치 또는 카카오 장소 도로명주소=마스터 주소
홍은두산,서대문구,홍은동,두산위브,카카오·브이월드 건물명·건축물대장 중 2개 이상 일치 또는 카카오 장소 도로명주소=마스터 주소
후암미주,용산구,후암동,라이프미주,카카오·브이월드 건물명·건축물대장 중 2개 이상 일치 또는 카카오 장소 도로명주소=마스터 주소
흑석해가든,동작구,흑석동,이랜드해가든,카카오·브이월드 건물명·건축물대장 중 2개 이상 일치 또는 카카오 장소 도로명주소=마스터 주소
