name,gu,dong,lat,lng,road_address,old_lat,old_lng,reason,confidence,source
흑석청호,동작구,흑석동,37.5019032,126.9627348,서울특별시 동작구 서달로2길 29,37.5499127,126.9514027,삼성래미안공덕4차(마포구) 좌표를 물려받음,HIGH,kakao_address_api:road_address_exact
신내엘지쌍용,중랑구,상봉동,37.6036065,127.0904026,서울특별시 중랑구 봉화산로 146,37.4886826,126.9764363,사당동 단지군 좌표를 물려받음,HIGH,kakao_address_api:road_address_exact
염창무학,강서구,염창동,37.5510150,126.8766502,서울특별시 강서구 양천로77길 45,37.5464825,127.0144609,래미안옥수리버젠(성동구) 좌표를 물려받음,HIGH,kakao_address_api:road_address_exact
상암월드컵파크4단지,마포구,상암동,37.5776672,126.8893417,서울특별시 마포구 상암산로1길 24,37.5163114,127.0484681,삼성힐스테이트1단지(강남구) 좌표를 물려받음,HIGH,kakao_address_api:road_address_exact
충정로 skview 아파트,서대문구,합동,37.5620950,126.9655959,서울특별시 서대문구 서소문로 43-8,37.4997285,127.0499952,역삼개나리푸르지오(강남구) 좌표를 물려받음,HIGH,kakao_address_api:road_address_exact
도림청구,영등포구,도림동,37.5096610,126.8954042,서울특별시 영등포구 도영로7길 7,37.549662,127.1088843,광장일신워커힐(광진구) 좌표를 물려받음,HIGH,kakao_address_api:road_address_exact
S-아파트,강남구,역삼동,37.5016819,127.0314107,서울특별시 강남구 역삼동 테헤란로 13길 31-4,37.5743808,127.0566984,"현재좌표가 동대문구 답십리동에 위치(마스터는 강남구 역삼동), 주소기준 8386m 이격",HIGH,kakao_address_api+coord2regioncode_verified
강동리엔파크 14단지 아파트,강동구,상일동,37.5510900,127.1808371,서울특별시 강동구 고덕로98길 160,37.554724,127.144817,"현재좌표가 강동구 명일동에 위치(마스터는 강동구 상일동), 주소기준 3201m 이격",HIGH,kakao_address_api+coord2regioncode_verified
강동리엔파크11단지,강동구,상일동,37.5542532,127.1806227,서울특별시 강동구 고덕로98길 101,37.554724,127.144817,"현재좌표가 강동구 명일동에 위치(마스터는 강동구 상일동), 주소기준 3157m 이격",HIGH,kakao_address_api+coord2regioncode_verified
에드가 수유 청년주택,강북구,수유동,37.6347006,127.0200086,서울특별시 강북구 덕릉로 59,37.6118759,127.0337501,"현재좌표가 강북구 미아동에 위치(마스터는 강북구 수유동), 주소기준 2812m 이격",HIGH,kakao_address_api+coord2regioncode_verified
센터스퀘어등촌,강서구,염창동,37.5507389,126.8664123,서울특별시 강서구 공항대로 543,37.5533338,126.8510294,"현재좌표가 강서구 화곡동에 위치(마스터는 강서구 염창동), 주소기준 1386m 이격",HIGH,kakao_address_api+coord2regioncode_verified
양재우성,서초구,양재동,37.4750405,127.0317990,서울특별시 서초구 바우뫼로 91,37.4655445,127.0246641,"현재좌표가 서초구 우면동에 위치(마스터는 서초구 양재동), 주소기준 1229m 이격",HIGH,kakao_address_api+coord2regioncode_verified
방화3차우림필유,강서구,방화동,37.5687133,126.8082169,서울특별시 강서구 양천로14길 118,37.5733512,126.7983185,"현재좌표가 강서구 개화동에 위치(마스터는 강서구 방화동), 주소기준 1013m 이격",HIGH,kakao_address_api+coord2regioncode_verified
송파호반베르디움더퍼스트,송파구,오금동,37.5049807,127.1396597,서울특별시 송파구 동남로 342,37.513461955,127.14273705,"현재좌표가 송파구 방이동에 위치(마스터는 송파구 오금동), 주소기준 981m 이격",HIGH,kakao_address_api+coord2regioncode_verified
쌍용스위트닷홈임대,동작구,상도동,37.5015533517985,126.931806228372,서울 동작구 상도동 418,37.537777,127.1345555,소스 자리표시자 좌표(반복숫자)로 강동구에 찍혀 있었다. 등록 지번 상도동 418 로 재지오코딩,HIGH,kakao_address_api:jibun_exact
논현베르빌,강남구,논현동,37.5127472718024,127.032722616686,서울 강남구 논현동 214-2,37.5743810,127.0566986,소스 테스트행(S-아파트)과 같은 더미 좌표를 물려받아 동대문구에 찍혀 있었다,HIGH,kakao_address_api:jibun_exact
선경301(대치동),강남구,대치동,37.4941781606738,127.060948083322,서울 강남구 대치동 602,37.538888,127.1346666,소스 자리표시자 좌표(반복숫자)로 강동구에 찍혀 있었다. 등록 지번 대치동 602 로 재지오코딩,HIGH,kakao_address_api:jibun_exact
신내다우훼밀리,중랑구,신내동,37.6005037,127.0963222,서울특별시 중랑구 송림길 16,37.6060585,127.0971514,"K-apt 좌표가 단지 건물에서 543m 이탈. 브이월드 단지 건물(동 1개) 중심으로 교체, 도로명주소 좌표와 22m",HIGH,vworld_spbd_buildings+kakao_address_api+coord2regioncode_verified
공릉대아2차,노원구,공릉동,37.6226851,127.0726707,서울특별시 노원구 동일로183길 34,37.623339,127.0714453,"K-apt 좌표가 단지 건물에서 131m 이탈. 브이월드 단지 건물(동 1개) 중심으로 교체, 도로명주소 좌표와 142m",HIGH,vworld_spbd_buildings+kakao_address_api+coord2regioncode_verified
신대방우성2차,동작구,신대방동,37.4928127,126.9103465,서울특별시 동작구 여의대방로 8,37.4920816,126.9115326,"K-apt 좌표가 단지 건물에서 116m 이탈. 브이월드 단지 건물(동 2개) 중심으로 교체, 도로명주소 좌표와 4m",HIGH,vworld_spbd_buildings+kakao_address_api+coord2regioncode_verified
북한산한신휴플러스,도봉구,창동,37.6556579,127.0428158,서울특별시 도봉구 도봉로136가길 73,37.654516,127.0464538,"K-apt 좌표가 단지 건물에서 341m 이탈. 브이월드 단지 건물(동 2개) 중심으로 교체, 도로명주소 좌표와 0m",HIGH,vworld_spbd_buildings+kakao_address_api+coord2regioncode_verified
은평뉴타운상림마을6단지 제1아파트(8단지 푸르지오),은평구,진관동,37.6468444,126.9299894,서울특별시 은평구 진관4로 78-7,37.6499688,126.9328208,"K-apt 좌표가 단지 건물에서 328m 이탈. 브이월드 단지 건물(동 5개) 중심으로 교체, 도로명주소 좌표와 0m",HIGH,vworld_spbd_buildings+kakao_address_api+coord2regioncode_verified
홍제성원아파트,서대문구,홍제동,37.5836644,126.9428584,서울특별시 서대문구 모래내로 430,37.5887167,126.9494371,"K-apt 좌표가 단지 건물에서 777m 이탈. 브이월드 단지 건물(동 3개) 중심으로 교체, 도로명주소 좌표와 10m",HIGH,vworld_spbd_buildings+kakao_address_api+coord2regioncode_verified
상도1동대림,동작구,상도동,37.4929334,126.9533662,서울특별시 동작구 상도로60길 20,37.5007481,126.9512393,"K-apt 좌표가 단지 건물에서 760m 이탈. 브이월드 단지 건물(동 3개) 중심으로 교체, 도로명주소 좌표와 0m",HIGH,vworld_spbd_buildings+kakao_address_api+coord2regioncode_verified
은평뉴타운상림마을13단지,은평구,진관동,37.6421145,126.9293411,서울특별시 은평구 진관4로 48-50,37.6474864,126.927883,"K-apt 좌표가 단지 건물에서 438m 이탈. 브이월드 단지 건물(동 11개) 중심으로 교체, 도로명주소 좌표와 0m",HIGH,vworld_spbd_buildings+kakao_address_api+coord2regioncode_verified
"서초현대1,2차",서초구,서초동,37.4867530,127.0256650,서울특별시 서초구 효령로72길 14,37.4909646,127.0199792,"K-apt 좌표가 단지 건물에서 649m 이탈. 브이월드 단지 건물(동 4개) 중심으로 교체, 도로명주소 좌표와 0m",HIGH,vworld_spbd_buildings+kakao_address_api+coord2regioncode_verified
신구로자이,구로구,구로동,37.4999881,126.8840983,서울특별시 구로구 구로중앙로 134,37.5055429,126.8896095,"K-apt 좌표가 단지 건물에서 750m 이탈. 브이월드 단지 건물(동 1개) 중심으로 교체, 도로명주소 좌표와 0m",HIGH,vworld_spbd_buildings+kakao_address_api+coord2regioncode_verified
홍은풍림아이원,서대문구,홍은동,37.6037137,126.9480564,서울특별시 서대문구 홍은중앙로 149,37.5972741,126.9378412,"K-apt 좌표가 단지 건물에서 1144m 이탈. 브이월드 단지 건물(동 7개) 중심으로 교체, 도로명주소 좌표와 0m",HIGH,vworld_spbd_buildings+kakao_address_api+coord2regioncode_verified
은평뉴타운상림마을2단지,은평구,진관동,37.6451646,126.9249802,서울특별시 은평구 진관4로 37,37.6466728,126.9265857,"K-apt 좌표가 단지 건물에서 146m 이탈. 브이월드 단지 건물(동 9개) 중심으로 교체, 도로명주소 좌표와 0m",HIGH,vworld_spbd_buildings+kakao_address_api+coord2regioncode_verified
안암대광,성북구,안암동3가,37.5823830,127.0248935,서울특별시 성북구 안암로9나길 14,37.5847251,127.0217182,"K-apt 좌표가 단지 건물에서 314m 이탈. 브이월드 단지 건물(동 7개) 중심으로 교체, 도로명주소 좌표와 6m",HIGH,vworld_spbd_buildings+kakao_address_api+coord2regioncode_verified
래미안상도2차,동작구,상도동,37.4980488,126.9582618,서울특별시 동작구 상도로55길 47,37.5018787,126.9511199,"K-apt 좌표가 단지 건물에서 725m 이탈. 브이월드 단지 건물(동 9개) 중심으로 교체, 도로명주소 좌표와 0m",HIGH,vworld_spbd_buildings+kakao_address_api+coord2regioncode_verified
상계수락파크빌,노원구,상계동,37.6790898,127.0572482,서울특별시 노원구 동일로248길 16,37.6694182,127.0778213,"K-apt 좌표가 단지 건물에서 2229m 이탈. 브이월드 단지 건물(동 7개) 중심으로 교체, 도로명주소 좌표와 0m",HIGH,vworld_spbd_buildings+kakao_address_api+coord2regioncode_verified
상도동중앙하이츠빌아파트,동작구,상도동,37.4991151,126.9498218,서울특별시 동작구 상도로 320,37.5014488,126.9517257,"K-apt 좌표가 단지 건물에서 235m 이탈. 브이월드 단지 건물(동 10개) 중심으로 교체, 도로명주소 좌표와 0m",HIGH,vworld_spbd_buildings+kakao_address_api+coord2regioncode_verified
래미안길음2차아파트,성북구,길음동,37.6096407,127.0206984,서울특별시 성북구 길음로 74,37.610374,127.0242907,"K-apt 좌표가 단지 건물에서 315m 이탈. 브이월드 단지 건물(동 11개) 중심으로 교체, 도로명주소 좌표와 0m",HIGH,vworld_spbd_buildings+kakao_address_api+coord2regioncode_verified
마곡수명산파크2단지,강서구,내발산동,37.5544978,126.8274391,서울특별시 강서구 강서로47길 158,37.5565695,126.8318783,"K-apt 좌표가 단지 건물에서 403m 이탈. 브이월드 단지 건물(동 9개) 중심으로 교체, 도로명주소 좌표와 0m",HIGH,vworld_spbd_buildings+kakao_address_api+coord2regioncode_verified
은평뉴타운상림마을1단지,은평구,진관동,37.6441723,126.9227566,서울특별시 은평구 진관4로 17,37.6415577,126.9227727,"K-apt 좌표가 단지 건물에서 181m 이탈. 브이월드 단지 건물(동 11개) 중심으로 교체, 도로명주소 좌표와 0m",HIGH,vworld_spbd_buildings+kakao_address_api+coord2regioncode_verified
삼환아파트,구로구,개봉동,37.4947876,126.8544472,서울특별시 구로구 남부순환로95길 54,37.4966514,126.8579825,"K-apt 좌표가 단지 건물에서 327m 이탈. 브이월드 단지 건물(동 6개) 중심으로 교체, 도로명주소 좌표와 0m",HIGH,vworld_spbd_buildings+kakao_address_api+coord2regioncode_verified
대청,강남구,개포동,37.4950615,127.0770378,서울특별시 강남구 개포로109길 21,37.4941776,127.07521,"K-apt 좌표가 단지 건물에서 126m 이탈. 브이월드 단지 건물(동 6개) 중심으로 교체, 도로명주소 좌표와 0m",HIGH,vworld_spbd_buildings+kakao_address_api+coord2regioncode_verified
신반포한신5지구(12차),서초구,잠원동,37.5162434,127.0146870,서울특별시 서초구 잠원로14길 41,37.5181174,127.0140377,"K-apt 좌표가 단지 건물에서 137m 이탈. 브이월드 단지 건물(동 3개) 중심으로 교체, 도로명주소 좌표와 15m",HIGH,vworld_spbd_buildings+kakao_address_api+coord2regioncode_verified
SH공사대치1단지,강남구,개포동,37.4929427,127.0738086,서울특별시 강남구 개포로109길 5,37.4941776,127.07521,"K-apt 좌표가 단지 건물에서 109m 이탈. 브이월드 단지 건물(동 8개) 중심으로 교체, 도로명주소 좌표와 40m",HIGH,vworld_spbd_buildings+kakao_address_api+coord2regioncode_verified
관악드림타운제2,관악구,봉천동,37.4917063,126.9481917,서울특별시 관악구 구암길 106,37.4898158,126.9516251,"K-apt 좌표가 단지 건물에서 300m 이탈. 브이월드 단지 건물(동 5개) 중심으로 교체, 도로명주소 좌표와 0m",HIGH,vworld_spbd_buildings+kakao_address_api+coord2regioncode_verified
상계주공16단지,노원구,상계동,37.6688300,127.0524472,서울특별시 노원구 동일로227길 86,37.6687238,127.0553293,"K-apt 좌표가 단지 건물에서 169m 이탈. 브이월드 단지 건물(동 18개) 중심으로 교체, 도로명주소 좌표와 0m",HIGH,vworld_spbd_buildings+kakao_address_api+coord2regioncode_verified
잠실엘스아파트,송파구,잠실동,37.5159945,127.0810340,서울특별시 송파구 올림픽로 99,37.5127515,127.088451,"K-apt 좌표가 단지 건물에서 348m 이탈. 브이월드 단지 건물(동 72개) 중심으로 교체, 도로명주소 좌표와 0m",HIGH,vworld_spbd_buildings+kakao_address_api+coord2regioncode_verified
사당신동아4단지,동작구,사당동,37.4897858,126.9780427,서울특별시 동작구 동작대로29길 110,37.4886826,126.9764363,"K-apt 좌표가 단지 건물에서 124m 이탈. 브이월드 단지 건물(동 8개) 중심으로 교체, 도로명주소 좌표와 0m",HIGH,vworld_spbd_buildings+kakao_address_api+coord2regioncode_verified
은평뉴타운상림마을14단지,은평구,진관동,37.6424248,126.9310954,서울특별시 은평구 진관4로 48-51,37.6484546,126.9291039,"K-apt 좌표가 단지 건물에서 479m 이탈. 브이월드 단지 건물(동 13개) 중심으로 교체, 도로명주소 좌표와 0m",HIGH,vworld_spbd_buildings+kakao_address_api+coord2regioncode_verified
은평뉴타운상림마을7단지,은평구,진관동,37.6488409,126.9317237,서울특별시 은평구 진관4로 100,37.6506098,126.9355523,"K-apt 좌표가 단지 건물에서 241m 이탈. 브이월드 단지 건물(동 10개) 중심으로 교체, 도로명주소 좌표와 0m",HIGH,vworld_spbd_buildings+kakao_address_api+coord2regioncode_verified
은평뉴타운상림마을4단지,은평구,진관동,37.6469706,126.9277372,서울특별시 은평구 진관4로 77,37.6482939,126.9293087,"K-apt 좌표가 단지 건물에서 152m 이탈. 브이월드 단지 건물(동 4개) 중심으로 교체, 도로명주소 좌표와 0m",HIGH,vworld_spbd_buildings+kakao_address_api+coord2regioncode_verified
은평뉴타운상림마을10단지,은평구,진관동,37.6448906,126.9276585,서울특별시 은평구 진관4로 48-17,37.648085,126.9286741,"K-apt 좌표가 단지 건물에서 264m 이탈. 브이월드 단지 건물(동 4개) 중심으로 교체, 도로명주소 좌표와 0m",HIGH,vworld_spbd_buildings+kakao_address_api+coord2regioncode_verified
은평뉴타운상림마을11단지,은평구,진관동,37.6442499,126.9268927,서울특별시 은평구 진관4로 48-8,37.6322759,126.9262676,"K-apt 좌표가 단지 건물에서 1158m 이탈. 브이월드 단지 건물(동 6개) 중심으로 교체, 도로명주소 좌표와 0m",HIGH,vworld_spbd_buildings+kakao_address_api+coord2regioncode_verified
상도현대,동작구,상도동,37.4940588,126.9593521,서울특별시 동작구 사당로2길 2-32,37.5009336,126.9516004,"K-apt 좌표가 단지 건물에서 983m 이탈. 브이월드 단지 건물(동 2개) 중심으로 교체, 도로명주소 좌표와 9m",HIGH,vworld_spbd_buildings+kakao_address_api+coord2regioncode_verified
상도삼호,동작구,상도동,37.4934778,126.9574811,서울특별시 동작구 상도로 407,37.5012043,126.9509806,"K-apt 좌표가 단지 건물에서 910m 이탈. 브이월드 단지 건물(동 5개) 중심으로 교체, 도로명주소 좌표와 14m",HIGH,vworld_spbd_buildings+kakao_address_api+coord2regioncode_verified
은평뉴타운 상림마을3단지,은평구,진관동,37.6460208,126.9263154,서울특별시 은평구 진관4로 47,37.6489181,126.9298087,"K-apt 좌표가 단지 건물에서 395m 이탈. 브이월드 단지 건물(동 3개) 중심으로 교체, 도로명주소 좌표와 0m",HIGH,vworld_spbd_buildings+kakao_address_api+coord2regioncode_verified
은평뉴타운박석고개13단지,은평구,진관동,37.6308803,126.9219514,서울특별시 은평구 진관1로 22,37.635659,126.9148018,"K-apt 좌표가 단지 건물에서 779m 이탈. 브이월드 단지 건물(동 4개) 중심으로 교체, 도로명주소 좌표와 0m",HIGH,vworld_spbd_buildings+kakao_address_api+coord2regioncode_verified
은평뉴타운마고정11단지,은평구,진관동,37.6320562,126.9258835,서울특별시 은평구 진관1로 55,37.6337285,126.914929,"K-apt 좌표가 단지 건물에서 923m 이탈. 브이월드 단지 건물(동 9개) 중심으로 교체, 도로명주소 좌표와 0m",HIGH,vworld_spbd_buildings+kakao_address_api+coord2regioncode_verified
은평뉴타운마고정2단지,은평구,진관동,37.6334740,126.9240165,서울특별시 은평구 진관2로 60,37.6318934,126.9198476,"K-apt 좌표가 단지 건물에서 346m 이탈. 브이월드 단지 건물(동 13개) 중심으로 교체, 도로명주소 좌표와 0m",HIGH,vworld_spbd_buildings+kakao_address_api+coord2regioncode_verified
은평뉴타운구파발9단지제2,은평구,진관동,37.6438752,126.9201097,서울특별시 은평구 진관3로 77,37.6438336,126.9238442,"K-apt 좌표가 단지 건물에서 253m 이탈. 브이월드 단지 건물(동 13개) 중심으로 교체, 도로명주소 좌표와 0m",HIGH,vworld_spbd_buildings+kakao_address_api+coord2regioncode_verified
은평뉴타운구파발9단지1관리,은평구,진관동,37.6414603,126.9201590,서울특별시 은평구 진관3로 67,37.6381577,126.9192866,"K-apt 좌표가 단지 건물에서 185m 이탈. 브이월드 단지 건물(동 14개) 중심으로 교체, 도로명주소 좌표와 0m",HIGH,vworld_spbd_buildings+kakao_address_api+coord2regioncode_verified
은평뉴타운제각말5단지제2,은평구,진관동,37.6379591,126.9365278,서울특별시 은평구 연서로48길 11,37.6312466,126.9308273,"K-apt 좌표가 단지 건물에서 799m 이탈. 브이월드 단지 건물(동 8개) 중심으로 교체, 도로명주소 좌표와 0m",HIGH,vworld_spbd_buildings+kakao_address_api+coord2regioncode_verified
길음뉴타운8단지제2,성북구,길음동,37.6069960,127.0191378,서울특별시 성북구 길음로 33,37.6090126,127.0200838,"K-apt 좌표가 단지 건물에서 110m 이탈. 브이월드 단지 건물(동 25개) 중심으로 교체, 도로명주소 좌표와 0m",HIGH,vworld_spbd_buildings+kakao_address_api+coord2regioncode_verified
은평뉴타운제각말5단지제1,은평구,진관동,37.6364718,126.9356638,서울특별시 은평구 연서로48길 12,37.6284338,126.9321409,"K-apt 좌표가 단지 건물에서 742m 이탈. 브이월드 단지 건물(동 13개) 중심으로 교체, 도로명주소 좌표와 0m",HIGH,vworld_spbd_buildings+kakao_address_api+coord2regioncode_verified
은평뉴타운폭포동4단지제2,은평구,진관동,37.6293216,126.9333195,서울특별시 은평구 연서로44길 7,37.6379708,126.9348048,"K-apt 좌표가 단지 건물에서 736m 이탈. 브이월드 단지 건물(동 15개) 중심으로 교체, 도로명주소 좌표와 0m",HIGH,vworld_spbd_buildings+kakao_address_api+coord2regioncode_verified
은평뉴타운제각말5단지제3,은평구,진관동,37.6387221,126.9347877,서울특별시 은평구 연서로 487,37.6340464,126.9168896,"K-apt 좌표가 단지 건물에서 1767m 이탈. 브이월드 단지 건물(동 7개) 중심으로 교체, 도로명주소 좌표와 31m",HIGH,vworld_spbd_buildings+kakao_address_api+coord2regioncode_verified
은평뉴타운폭포동4단지제3,은평구,진관동,37.6275494,126.9348223,서울특별시 은평구 연서로44길 30,37.6434624,126.9396204,"K-apt 좌표가 단지 건물에서 1620m 이탈. 브이월드 단지 건물(동 3개) 중심으로 교체, 도로명주소 좌표와 0m",HIGH,vworld_spbd_buildings+kakao_address_api+coord2regioncode_verified
래미안종암3차,성북구,종암동,37.5991402,127.0309168,서울특별시 성북구 종암로23길 35,37.6011338,127.0388225,"K-apt 좌표가 단지 건물에서 634m 이탈. 브이월드 단지 건물(동 16개) 중심으로 교체, 도로명주소 좌표와 0m",HIGH,vworld_spbd_buildings+kakao_address_api+coord2regioncode_verified
면목,중랑구,면목동,37.5736609,127.0879910,서울특별시 중랑구 용마산로 228,37.5918939,127.0878438,"K-apt 좌표가 단지 건물에서 1749m 이탈. 브이월드 단지 건물(동 3개) 중심으로 교체, 도로명주소 좌표와 0m",HIGH,vworld_spbd_buildings+kakao_address_api+coord2regioncode_verified
관악벽산블루밍임대,관악구,봉천동,37.4918429,126.9427795,서울특별시 관악구 양녕로 117,37.4895169,126.945049,"K-apt 좌표가 단지 건물에서 292m 이탈. 브이월드 단지 건물(동 3개) 중심으로 교체, 도로명주소 좌표와 0m",HIGH,vworld_spbd_buildings+kakao_address_api+coord2regioncode_verified
제기한신제2임대아파트,동대문구,제기동,37.5905326,127.0397626,서울특별시 동대문구 회기로8길 20,37.5888362,127.0391833,"K-apt 좌표가 단지 건물에서 171m 이탈. 브이월드 단지 건물(동 1개) 중심으로 교체, 도로명주소 좌표와 0m",HIGH,vworld_spbd_buildings+kakao_address_api+coord2regioncode_verified
은평뉴타운구파발10단지2관리,은평구,진관동,37.6416095,126.9178469,서울특별시 은평구 진관3로 15-35,37.6449549,126.9236501,"K-apt 좌표가 단지 건물에서 587m 이탈. 브이월드 단지 건물(동 10개) 중심으로 교체, 도로명주소 좌표와 0m",HIGH,vworld_spbd_buildings+kakao_address_api+coord2regioncode_verified
천왕이펜하우스1단지,구로구,천왕동,37.4859885,126.8372184,서울특별시 구로구 천왕로 91,37.4827687,126.8393033,"K-apt 좌표가 단지 건물에서 327m 이탈. 브이월드 단지 건물(동 6개) 중심으로 교체, 도로명주소 좌표와 0m",HIGH,vworld_spbd_buildings+kakao_address_api+coord2regioncode_verified
은평뉴타운구파발10단지3관리,은평구,진관동,37.6419076,126.9165352,서울특별시 은평구 북한산로 2,37.6432492,126.9220425,"K-apt 좌표가 단지 건물에서 509m 이탈. 브이월드 단지 건물(동 9개) 중심으로 교체, 도로명주소 좌표와 0m",HIGH,vworld_spbd_buildings+kakao_address_api+coord2regioncode_verified
서초네이처힐3단지,서초구,우면동,37.4641503,127.0277184,서울특별시 서초구 태봉로2길 60,37.4732183,127.0290557,"K-apt 좌표가 단지 건물에서 762m 이탈. 브이월드 단지 건물(동 17개) 중심으로 교체, 도로명주소 좌표와 0m",HIGH,vworld_spbd_buildings+kakao_address_api+coord2regioncode_verified
북한산래미안아파트(임대),은평구,불광동,37.6116309,126.9361998,서울특별시 은평구 불광로2길 41,37.6166044,126.9267737,"K-apt 좌표가 단지 건물에서 1041m 이탈. 브이월드 단지 건물(동 1개) 중심으로 교체, 도로명주소 좌표와 0m",HIGH,vworld_spbd_buildings+kakao_address_api+coord2regioncode_verified
래미안포레,강남구,자곡동,37.4747910,127.1099364,서울특별시 강남구 밤고개로21길 25,37.4817688,127.1026943,"K-apt 좌표가 단지 건물에서 798m 이탈. 브이월드 단지 건물(동 15개) 중심으로 교체, 도로명주소 좌표와 0m",HIGH,vworld_spbd_buildings+kakao_address_api+coord2regioncode_verified
천왕연지타운1단지,구로구,천왕동,37.4863038,126.8404659,서울특별시 구로구 오류로 30,37.4773553,126.8376654,"K-apt 좌표가 단지 건물에서 823m 이탈. 브이월드 단지 건물(동 11개) 중심으로 교체, 도로명주소 좌표와 23m",HIGH,vworld_spbd_buildings+kakao_address_api+coord2regioncode_verified
청담래미안로이뷰,강남구,청담동,37.5247583,127.0562121,서울특별시 강남구 영동대로142길 16,37.5179279,127.0428004,"K-apt 좌표가 단지 건물에서 1473m 이탈. 브이월드 단지 건물(동 1개) 중심으로 교체, 도로명주소 좌표와 0m",HIGH,vworld_spbd_buildings+kakao_address_api+coord2regioncode_verified
강남한신휴플러스 6단지,강남구,율현동,37.4676824,127.1054248,서울특별시 강남구 밤고개로26길 50,37.471790158,127.106816655,"K-apt 좌표가 단지 건물에서 332m 이탈. 브이월드 단지 건물(동 12개) 중심으로 교체, 도로명주소 좌표와 0m",HIGH,vworld_spbd_buildings+kakao_address_api+coord2regioncode_verified
신촌푸르지오 아파트,서대문구,북아현동,37.5604148,126.9530165,서울특별시 서대문구 북아현로1길 50,37.561909131,126.956000417,"K-apt 좌표가 단지 건물에서 107m 이탈. 브이월드 단지 건물(동 16개) 중심으로 교체, 도로명주소 좌표와 0m",HIGH,vworld_spbd_buildings+kakao_address_api+coord2regioncode_verified
강남효성해링턴코트,강남구,세곡동,37.4681701,127.0948140,서울특별시 강남구 자곡로 36,37.473209395,127.09654275,"K-apt 좌표가 단지 건물에서 459m 이탈. 브이월드 단지 건물(동 11개) 중심으로 교체, 도로명주소 좌표와 0m",HIGH,vworld_spbd_buildings+kakao_address_api+coord2regioncode_verified
북한산 푸르지오,은평구,녹번동,37.6066840,126.9364452,서울특별시 은평구 통일로 660,37.60557539,126.933751561,"K-apt 좌표가 단지 건물에서 191m 이탈. 브이월드 단지 건물(동 22개) 중심으로 교체, 도로명주소 좌표와 0m",HIGH,vworld_spbd_buildings+kakao_address_api+coord2regioncode_verified
역삼자이아파트,강남구,역삼동,37.5004532,127.0444034,서울특별시 강남구 언주로 420,37.505881731,127.040128519,"K-apt 좌표가 단지 건물에서 609m 이탈. 브이월드 단지 건물(동 3개) 중심으로 교체, 도로명주소 좌표와 0m",HIGH,vworld_spbd_buildings+kakao_address_api+coord2regioncode_verified
천왕이펜하우스7단지,구로구,천왕동,37.4791812,126.8393033,서울특별시 구로구 천왕로 21,37.482105564,126.836853061,"K-apt 좌표가 단지 건물에서 350m 이탈. 브이월드 단지 건물(동 5개) 중심으로 교체, 도로명주소 좌표와 0m",HIGH,vworld_spbd_buildings+kakao_address_api+coord2regioncode_verified
송파레미니스아파트,송파구,오금동,37.5076395,127.1354103,서울특별시 송파구 성내천로 6,37.506522605093,127.136922525526,"K-apt 좌표가 단지 건물에서 102m 이탈. 브이월드 단지 건물(동 5개) 중심으로 교체, 도로명주소 좌표와 0m",HIGH,vworld_spbd_buildings+kakao_address_api+coord2regioncode_verified
수서하니움,강남구,수서동,37.4866009,127.1072034,서울특별시 강남구 광평로60길 32,37.4869866,127.1047706,"K-apt 좌표가 단지 건물에서 228m 이탈. 브이월드 단지 건물(동 1개) 중심으로 교체, 도로명주소 좌표와 0m",HIGH,vworld_spbd_buildings+kakao_address_api+coord2regioncode_verified
항동 한양수자인 에듀힐즈,구로구,항동,37.4780479,126.8259811,서울특별시 구로구 항동로 42,37.4772261,126.8232922,"K-apt 좌표가 단지 건물에서 130m 이탈. 브이월드 단지 건물(동 9개) 중심으로 교체, 도로명주소 좌표와 0m",HIGH,vworld_spbd_buildings+kakao_address_api+coord2regioncode_verified
힐스테이트강동리버뷰,강동구,암사동,37.5487709,127.1253911,서울특별시 강동구 올림픽로91길 30,37.5496106,127.1230267,"K-apt 좌표가 단지 건물에서 202m 이탈. 브이월드 단지 건물(동 5개) 중심으로 교체, 도로명주소 좌표와 0m",HIGH,vworld_spbd_buildings+kakao_address_api+coord2regioncode_verified
항동중흥S클래스베르데카운티,구로구,항동,37.4808728,126.8207492,서울특별시 구로구 연동로 233,37.4817659,126.8226571,"K-apt 좌표가 단지 건물에서 141m 이탈. 브이월드 단지 건물(동 6개) 중심으로 교체, 도로명주소 좌표와 0m",HIGH,vworld_spbd_buildings+kakao_address_api+coord2regioncode_verified
e편한세상서울대입구아파트,관악구,봉천동,37.4764174,126.9424852,서울특별시 관악구 청룡16길 43,37.47799,126.943451,"K-apt 좌표가 단지 건물에서 118m 이탈. 브이월드 단지 건물(동 9개) 중심으로 교체, 도로명주소 좌표와 0m",HIGH,vworld_spbd_buildings+kakao_address_api+coord2regioncode_verified
보라매 sk뷰,영등포구,신길동,37.5030140,126.9178872,서울특별시 영등포구 여의대방로35가길 19,37.5011629,126.9151097,"K-apt 좌표가 단지 건물에서 176m 이탈. 브이월드 단지 건물(동 19개) 중심으로 교체, 도로명주소 좌표와 0m",HIGH,vworld_spbd_buildings+kakao_address_api+coord2regioncode_verified
신림서초아파트,관악구,신림동,37.4640862,126.9331739,서울특별시 관악구 호암로16길 5,37.463651,126.93199,"K-apt 좌표가 단지 건물에서 118m 이탈. 브이월드 단지 건물(동 1개) 중심으로 교체, 도로명주소 좌표와 86m",HIGH,vworld_spbd_buildings+kakao_address_api+coord2regioncode_verified
서초센트럴아이파크,서초구,서초동,37.4872108,127.0115911,서울특별시 서초구 반포대로18길 36,37.4871871,127.0091283,"K-apt 좌표가 단지 건물에서 176m 이탈. 브이월드 단지 건물(동 2개) 중심으로 교체, 도로명주소 좌표와 0m",HIGH,vworld_spbd_buildings+kakao_address_api+coord2regioncode_verified
공덕SK리더스뷰 1단지,마포구,공덕동,37.5455667,126.9487951,서울특별시 마포구 백범로31길 7,37.5451652,126.94684,"K-apt 좌표가 단지 건물에서 154m 이탈. 브이월드 단지 건물(동 3개) 중심으로 교체, 도로명주소 좌표와 0m",HIGH,vworld_spbd_buildings+kakao_address_api+coord2regioncode_verified
삼정아트테라스정동,중구,정동,37.5632512,126.9720316,서울특별시 중구 서소문로 89-20,37.5635216,126.9682218,"K-apt 좌표가 단지 건물에서 360m 이탈. 브이월드 단지 건물(동 1개) 중심으로 교체, 도로명주소 좌표와 0m",HIGH,vworld_spbd_buildings+kakao_address_api+coord2regioncode_verified
용산 베르디움 프렌즈,용산구,한강로2가,37.5355125,126.9715151,서울특별시 용산구 백범로99길 40,37.5311678,126.9678516,"K-apt 좌표가 단지 건물에서 499m 이탈. 브이월드 단지 건물(동 2개) 중심으로 교체, 도로명주소 좌표와 0m",HIGH,vworld_spbd_buildings+kakao_address_api+coord2regioncode_verified
디에이치반포라클라스,서초구,반포동,37.5007389,127.0140147,서울특별시 서초구 서초중앙로 206,37.5007631,127.010446,"K-apt 좌표가 단지 건물에서 231m 이탈. 브이월드 단지 건물(동 6개) 중심으로 교체, 도로명주소 좌표와 0m",HIGH,vworld_spbd_buildings+kakao_address_api+coord2regioncode_verified
이수푸르지오더프레티움,동작구,사당동,37.4929789,126.9801921,서울특별시 동작구 동작대로39길 39,37.4930871,126.9779437,"K-apt 좌표가 단지 건물에서 149m 이탈. 브이월드 단지 건물(동 11개) 중심으로 교체, 도로명주소 좌표와 0m",HIGH,vworld_spbd_buildings+kakao_address_api+coord2regioncode_verified
방배그랑자이아파트,서초구,방배동,37.4763837,126.9998011,서울특별시 서초구 방배로 21,37.4767899,126.9962367,"K-apt 좌표가 단지 건물에서 244m 이탈. 브이월드 단지 건물(동 8개) 중심으로 교체, 도로명주소 좌표와 0m",HIGH,vworld_spbd_buildings+kakao_address_api+coord2regioncode_verified
포레나송파,송파구,거여동,37.4859591,127.1487029,서울특별시 송파구 위례송파로 123,37.4863348,127.1440562,"K-apt 좌표가 단지 건물에서 319m 이탈. 브이월드 단지 건물(동 18개) 중심으로 교체, 도로명주소 좌표와 0m",HIGH,vworld_spbd_buildings+kakao_address_api+coord2regioncode_verified
광진그랜드파크,광진구,구의동,37.5440189,127.0807971,서울특별시 광진구 광나루로 458,37.544273,127.0757555,"K-apt 좌표가 단지 건물에서 398m 이탈. 브이월드 단지 건물(동 11개) 중심으로 교체, 도로명주소 좌표와 0m",HIGH,vworld_spbd_buildings+kakao_address_api+coord2regioncode_verified
삼성석탑아파트,강남구,삼성동,37.5174801,127.0448752,서울특별시 강남구 학동로 412,37.5175602,127.0434776,"K-apt 좌표가 단지 건물에서 109m 이탈. 브이월드 단지 건물(동 1개) 중심으로 교체, 도로명주소 좌표와 0m",HIGH,vworld_spbd_buildings+kakao_address_api+coord2regioncode_verified
흑석자이,동작구,흑석동,37.5015152,126.9616282,서울특별시 동작구 서달로 90,37.5024601,126.9585023,"K-apt 좌표가 단지 건물에서 203m 이탈. 브이월드 단지 건물(동 26개) 중심으로 교체, 도로명주소 좌표와 0m",HIGH,vworld_spbd_buildings+kakao_address_api+coord2regioncode_verified
세이지움 개봉,구로구,개봉동,37.4936760,126.8545708,서울특별시 구로구 개봉로19길 11,37.4926455,126.8556413,"K-apt 좌표가 단지 건물에서 137m 이탈. 브이월드 단지 건물(동 1개) 중심으로 교체, 도로명주소 좌표와 133m",HIGH,vworld_spbd_buildings+kakao_address_api+coord2regioncode_verified
